MemberID,QR
1001,teIY
1002,r2on
1003,f9D7
1004,lSHY
1005,97P
1006,9Fqz
1007,3OsO
1008,xT26
1009,2EMA
1010,Le2
1011,48c
1012,nVgp
1013,BoEk
1014,shJs
1015,m029
1016,vhpA
1017,tvKM
1018,wqBP
1019,nBgz
1020,xoE1
1021,5sLR
1022,87tP
1023,qIpt
1024,1Ztp
1025,EuQ
1026,stnu
1027,9niR
1028,uCsW
1029,cX2i
1030,gsrE
1031,wApW
1032,fDBt
1033,zbFE
1034,6ph4
1035,wPNr
1036,l3jR
1037,qXwB
1038,trRj
1039,HP2
1040,FApc
1041,dX6j
1042,zz7z
1043,lFfl
1044,3zMe
1045,E5ai
1046,vO9a
1047,vX1a
1048,f7wQ
1049,fbfJ
1050,9gZf
1051,hYP8
1052,oxad
1053,kp0g
1054,FmK7
1055,8typ
1056,yL9H
1057,8174
1058,iHcS
1059,rIpo
1060,uEiR
1061,y8KM
1062,4lvB
1063,7sfW
1064,v2XJ
1065,Dz98
1066,tDbD
1067,bL2n
1068,lsRk
1069,uky1
1070,B8Vp
1071,ABTs
1072,8jP3
1073,fKlu
1074,lhTo
1075,2yqP
1076,AVL8
1077,uXxP
1078,gJ6b
1079,tu74
1080,h7SE
1081,vioo
1082,glqv
1083,9Psy
1084,qmsc
1085,orHv
1086,9DnN
1087,fg0l
1088,DM4S
1089,1N0
1090,vSmr
1091,xKi1
1092,e55Z
1093,7AQH
1094,lK47
1095,iOGF
1096,iGyi
1097,ad0
1098,8W7y
1099,8HCz
1100,83nQ
1101,Ez5u
1102,wums
1103,oeO4
1104,gwZ1
1105,2vuJ
1106,fYyz
1107,oHiI
1108,cHzF
1109,7kHl
1110,7HrE
1111,iOmk
1112,tikY
1113,jcMj
1114,m88g
1115,y7ga
1116,ErGs
1117,nfk0
1118,mz9I
1119,r2n5
1120,CnF
1121,erMO
1122,ekQO
1123,woXh
1124,fBk5
1125,d0ul
1126,zVu2
1127,q8KY
1128,BPK8
1129,5KLB
1130,9EsA
1131,46sf
1132,rGWV
1133,cSo2
1134,cy06
1135,CfS8
1136,AXEo
1137,iCs7
1138,h2Dp
1139,AKpM
1140,42Ng
1141,8Owh
1142,m1Sl
1143,dg76
1144,24Hy
1145,3Lv7
1146,nzSY
1147,FFmL
1148,lSsV
1149,vJtD
1150,Ehhu
1151,tb99
1152,2bQj
1153,lEPf
1154,cDD2
1155,c8IV
1156,aa6r
1157,CMaA
1158,8we4
1159,EHeX
1160,j4bV
1161,mGx4
1162,AWnR
1163,BIi6
1164,bXyl
1165,rfxd
1166,xQMR
1167,9SKi
1168,3cut
1169,D2NL
1170,Fh8j
1171,BJtB
1172,ctQO
1173,qcH4
1174,5FVL
1175,A0Bb
1176,hj0P
1177,m6P5
1178,AYkN
1179,t1At
1180,zxxY
1181,2u7n
1182,z9Wv
1183,rKjQ
1184,8lWC
1185,iItE
1186,g8kb
1187,cNOw
1188,hcXR
1189,EdCy
1190,6Ay
1191,Dkxp
1192,EPfz
1193,3bxE
1194,E4x8
1195,qfec
1196,CHLD
1197,wy9R
1198,sjgm
1199,AIvR
1200,8PVm
1201,D6NA
1202,hsj8
1203,8lYJ
1204,avoz
1205,vJiz
1206,5Yj3
1207,r8lw
1208,CdOh
1209,hGHl
1210,s6zz
1211,rOAK
1212,27Wh
1213,u1Dz
1214,vC2E
1215,1nrs
1216,2Amb
1217,j1Ma
1218,v3XV
1219,bepz
1220,7U5H
1221,nRVw
1222,dKjr
1223,hWpt
1224,sqiF
1225,cGwd
1226,tnek
1227,hIb
1228,tB27
1229,EVZv
1230,x7yv
1231,9SM2
1232,Adcj
1233,g6XA
1234,Bl1Y
1235,nEKe
1236,uAS8
1237,6gOO
1238,zPHa
1239,itky
1240,FNw3
1241,iUoG
1242,jlZX
1243,x926
1244,wloi
1245,Agq8
1246,vDrX
1247,62Z4
1248,pTon
1249,o0AG
1250,2eKB
1251,8ffJ
1252,m1Nw
1253,gsfp
1254,1QXd
1255,7XJe
1256,zfhV
1257,zC16
1258,pe74
1259,3gnX
1260,ahcx
1261,FJiW
1262,Bb6v
1263,3mfx
1264,qd1P
1265,x6XZ
1266,Ccij
1267,xbwi
1268,mByt
1269,xJLi
1270,30rH
1271,rxB6
1272,zIn2
1273,wXQR
1274,cN6B
1275,o2di
1276,rDq0
1277,56KX
1278,BeeR
1279,9KaL
1280,vMD3
1281,lxd6
1282,2T9j
1283,4sIH
1284,5GcX
1285,eDHp
1286,2zF0
1287,doqd
1288,ux9c
1289,ENSk
1290,hLYK
1291,4BjD
1292,jSvZ
1293,rUAo
1294,xGRa
1295,taip
1296,9QjL
1297,6aOS
1298,dxYF
1299,1KxA
1300,q5dJ
1301,cJ7g
1302,FxOJ
1303,F5LW
1304,e4cq
1305,abLe
1306,5yV9
1307,kcAG
1308,DvZP
1309,iZ68
1310,6TZ6
1311,qSrl
1312,jXPF
1313,AjKE
1314,gcmi
1315,ESEp
1316,5f8V
1317,mmBx
1318,eK8d
1319,rRgO
1320,Chz8
1321,392c
1322,Hml
1323,dySs
1324,4g6K
1325,hBfo
1326,sImK
1327,v4no
1328,h6w2
1329,axhb
1330,B6lj
1331,2S4q
1332,pZG6
1333,BjDC
1334,p8kY
1335,6B2M
1336,zIJ6
1337,cnTm
1338,gKoQ
1339,j9T7
1340,wsvi
1341,xN1s
1342,mfg5
1343,uJ0x
1344,77BB
1345,uOr9
1346,arD3
1347,wnKu
1348,kzz1
1349,Dl1t
1350,1dvQ
1351,xlIz
1352,tKwk
1353,wHNh
1354,CzT6
1355,xcxs
1356,uOXH
1357,35LI
1358,rYNu
1359,xry6
1360,il0C
1361,d3pr
1362,DVxg
1363,2VpR
1364,DKrS
1365,2fLJ
1366,aQot
1367,6wTG
1368,aNHG
1369,2f6G
1370,q5XE
1371,rtSQ
1372,8aKI
1373,e0kX
1374,rUR6
1375,FHRu
1376,vA63
1377,eXmR
1378,rrR7
1379,bNCY
1380,CyFW
1381,hH7O
1382,wf8G
1383,vPRk
1384,iXQO
1385,2yOP
1386,aLdd
1387,xbkt
1388,pxSY
1389,vvPZ
1390,E8M2
1391,hIof
1392,5nea
1393,uGF3
1394,30NF
1395,7bVx
1396,j0TN
1397,9TIH
1398,uE1P
1399,r5lf
1400,oBsk
1401,3hrm
1402,rgbm
1403,8SM9
1404,E7xE
1405,4tZ0
1406,i1Oz
1407,gJ8g
1408,kiAh
1409,bI
1410,vEhz
1411,biKS
1412,u0su
1413,pGXw
1414,jg9A
1415,rrQ7
1416,AURX
1417,75Ra
1418,C8oq
1419,yxAw
1420,lq3D
1421,zm9e
1422,nbK5
1423,bc3z
1424,aZLk
1425,D5UC
1426,cPbE
1427,tgwl
1428,aOv7
1429,w13r
1430,czem
1431,4NhY
1432,fThq
1433,a2gt
1434,qzLW
1435,xxmE
1436,DXB3
1437,n29d
1438,epxh
1439,1QcD
1440,mm4O
1441,oIdN
1442,2f3O
1443,ibGM
1444,3oh6
1445,gFSC
1446,rc5t
1447,cv9W
1448,7NdM
1449,wx6g
1450,812E
1451,nHLO
1452,CrpO
1453,guKE
1454,AHU7
1455,qC0b
1456,DjDf
1457,wUaP
1458,iJjV
1459,elyC
1460,4fZG
1461,6pbs
1462,7wQK
1463,xNTG
1464,xdI9
1465,BMWk
1466,qcwX
1467,bKvf
1468,ujD3
1469,be5g
1470,fsBf
1471,hQ5X
1472,k8eN
1473,hv9o
1474,mPDC
1475,Bz5s
1476,1P1W
1477,7Emi
1478,f6gh
1479,qSf9
1480,kqfs
1481,yHOj
1482,J5a
1483,t8qr
1484,bu4Z
1485,uBUN
1486,1JW
1487,mN9e
1488,96qV
1489,1ceC
1490,EaQ7
1491,B6Ma
1492,fLch
1493,oOFy
1494,kvdm
1495,ATwK
1496,65O5
1497,sZ71
1498,cxwZ
1499,56nZ
1500,hZ0Y
1501,9AKQ
1502,miNc
1503,5wDo
1504,wuuR
1505,zroS
1506,ql19
1507,9PJ7
1508,caZx
1509,5737
1510,bheN
1511,vg7G
1512,Atb2
1513,bKCU
1514,imeA
1515,4bXx
1516,mLA4
1517,hViw
1518,ffzD
1519,nWgj
1520,ppp9
1521,lpik
1522,kg9R
1523,CbJC
1524,nZp
1525,iGuT
1526,rBR3
1527,CruN
1528,FxZt
1529,22XZ
1530,E5oU
1531,AT3Q
1532,BMkN
1533,8cyb
1534,EGyz
1535,zGrX
1536,xGFO
1537,lN7O
1538,aaaa
1539,BBnl
1540,hcVY
1541,wNiH
1542,kISU
1543,naaV
1544,2Mj7
1545,yIr0
1546,kXhB
1547,ouuz
1548,viby
1549,DruP
1550,fZdM
1551,cAvJ
1552,Bk1J
1553,hwHL
1554,yB5V
1555,FaZs
1556,zQMi
1557,k5WG
1558,7lBc
1559,kwJz
1560,9dKA
1561,z5xv
1562,p1Bi
1563,rlPd
1564,sr6f
1565,nmsV
1566,2dB
1567,aK8D
1568,mUGV
1569,gCMo
1570,vrEq
1571,gFFG
1572,wXas
1573,vGcm
1574,o9OR
1575,1blg
1576,yXnu
1577,4k2X
1578,ARi3
1579,E6Wj
1580,dhwY
1581,lV2c
1582,wbaE
1583,ytmQ
1584,jrpO
1585,xWw6
1586,tHgY
1587,ySDq
1588,yIIu
1589,r6C8
1590,x4sL
1591,7ZWG
1592,elID
1593,3CPm
1594,sbQj
1595,FgJq
1596,Gue
1597,82CH
1598,reiN
1599,3n11
1600,ac8A
1601,pqSo
1602,kxJd
1603,34NJ
1604,hU6m
1605,gtPC
1606,79qu
1607,hxcs
1608,x7Ic
1609,tHmX
1610,pLu8
1611,lxMY
1612,C7b4
1613,5KxK
1614,hvyT
1615,bIeL
1616,Ajjy
1617,9uES
1618,o66L
1619,3iCT
1620,jPId
1621,mzvq
1622,Czxq
1623,41kV
1624,9Qn
1625,wFUW
1626,fTat
1627,f4ki
1628,FaV
1629,6ajx
1630,qDGz
1631,fN71
1632,mHYS
1633,mitY
1634,pjG2
1635,qSvP
1636,sc3o
1637,w552
1638,7ZfO
1639,8cJL
1640,8ccH
1641,AHRW
1642,eE2v
1643,yS8o
1644,6n7Y
1645,BdGM
1646,7fLh
1647,vaSB
1648,5emN
1649,iIuL
1650,wUU3
1651,44mG
1652,zI6d
1653,kkkI
1654,8v38
1655,B2r6
1656,qOGD
1657,rJG1
1658,9fbm
1659,f7ln
1660,Cijp
1661,8hst
1662,f5iK
1663,mB8k
1664,t54U
1665,Dbs0
1666,5vUr
1667,filY
1668,BBYO
1669,irQx
1670,B9gD
1671,h8hq
1672,ekBd
1673,kUwu
1674,hVmO
1675,8lvK
1676,3mQA
1677,l4tx
1678,jl9a
1679,DhXR
1680,tLY9
1681,FT2
1682,zRg8
1683,j4UG
1684,zxOi
1685,skNm
1686,iLfB
1687,mqaP
1688,2P8Z
1689,qOyS
1690,dbCU
1691,97CG
1692,3qpk
1693,jr1B
1694,7zK3
1695,2hJl
1696,fn6g
1697,vMJW
1698,rBsR
1699,C7Cy
1700,oS24
1701,miAv
1702,MG0
1703,3OrT
1704,uwWD
1705,FvjB
1706,B84M
1707,wqQe
1708,dgH7
1709,FLYh
1710,A524
1711,p1BF
1712,jL4w
1713,tOT5
1714,zouA
1715,qA0O
1716,eqBB
1717,ypNP
1718,8eX9
1719,EFPd
1720,D21I
1721,Dw7K
1722,32jl
1723,hfTF
1724,Cl44
1725,DLzF
1726,c7Dz
1727,fGyg
1728,CNRs
1729,qKdX
1730,3KdG
1731,D5GE
1732,Dxu8
1733,hmWA
1734,pCRN
1735,o4Mb
1736,kno4
1737,z3Ux
1738,tEmT
1739,gvT2
1740,qArw
1741,jkMl
1742,87Pt
1743,hi0r
1744,nvZ7
1745,kWtu
1746,qIyV
1747,E5ft
1748,gvil
1749,c1HO
1750,eAfM
1751,sTTh
1752,ptHm
1753,3BG4
1754,g4cH
1755,44p1
1756,fod
1757,lj5z
1758,jO0i
1759,1Vxz
1760,i9kg
1761,29hd
1762,vCyc
1763,uq8B
1764,wz1K
1765,BIpL
1766,2Eoz
1767,5Xrg
1768,snoH
1769,cs6q
1770,9jU6
1771,FrPU
1772,ko3w
1773,gf4M
1774,6L3v
1775,7UxZ
1776,sLJJ
1777,6yFJ
1778,lFFr
1779,dwNF
1780,n9hs
1781,mHad
1782,k3TL
1783,3Fr0
1784,grdo
1785,7VeO
1786,nTBg
1787,6dDc
1788,cxWu
1789,cFpR
1790,zl86
1791,4p9t
1792,uUhy
1793,3lFE
1794,ePy7
1795,wcwM
1796,aE6Q
1797,q9HQ
1798,ceLL
1799,g8pP
1800,94JO
1801,co6Y
1802,zwcf
1803,a42d
1804,cHIh
1805,AOFq
1806,6Kva
1807,rZ9G
1808,qXWy
1809,1Idb
1810,4ToC
1811,80sS
1812,AN24
1813,eI9V
1814,acyA
1815,8KAf
1816,eGjm
1817,BcwD
1818,3aRr
1819,D1VM
1820,qn67
1821,m7hU
1822,qVtR
1823,arsz
1824,cYJC
1825,F4by
1826,MC
1827,wouC
1828,yPj4
1829,3Z51
1830,27NV
1831,uIap
1832,BXfM
1833,FF5l
1834,BS7g
1835,gExS
1836,2efD
1837,8S6O
1838,1Lpc
1839,nch1
1840,jTv4
1841,o1N6
1842,mIp6
1843,kiMr
1844,48He
1845,cRca
1846,h8Yt
1847,vzxJ
1848,m6IW
1849,l0Sd
1850,bSCe
1851,4qqj
1852,hju
1853,478q
1854,r78l
1855,8mJL
1856,oEzU
1857,yr2C
1858,rpiw
1859,qz5n
1860,1IhF
1861,6Fvu
1862,uUMT
1863,6BWC
1864,zSF1
1865,lq6K
1866,8z7T
1867,mQCx
1868,sNJC
1869,579c
1870,bZjG
1871,AZcx
1872,zHPy
1873,dEP8
1874,vnVO
1875,hJ2D
1876,aSY5
1877,DQ7q
1878,iZ3j
1879,ClRX
1880,y7H4
1881,tSA9
1882,nMJ9
1883,lYFf
1884,7aeW
1885,9Rmq
1886,2Zow
1887,lRDM
1888,F7JE
1889,1cA7
1890,hi2r
1891,CVsy
1892,qUP9
1893,FVOx
1894,tx3C
1895,ijPc
1896,Lgv
1897,ASXv
1898,F4zK
1899,iVN3
1900,mgfJ
1901,tZSf
1902,4JrN
1903,1uvt
1904,pUPE
1905,q2In
1906,yrhy
1907,WB7
1908,xvSv
1909,FOo4
1910,u5c0
1911,kJQ9
1912,smAB
1913,hDL2
1914,w6GS
1915,qECK
1916,sod9
1917,8TwC
1918,2ywT
1919,CoZl
1920,c6QB
1921,l17h
1922,tlpL
1923,quOZ
1924,DEQX
1925,svHZ
1926,lr48
1927,m3kN
1928,4tcz
1929,nvG0
1930,CXmZ
1931,wHb9
1932,i7KU
1933,cJKx
1934,7yNk
1935,fB9h
1936,5cg2
1937,kAQZ
1938,A4qO
1939,rxFD
1940,2scd
1941,on6l
1942,wa74
1943,2juw
1944,nwJ9
1945,1z0S
1946,xz57
1947,jgwQ
1948,j73H
1949,ew0h
1950,mUqK
1951,DXtf
1952,DCYd
1953,72j6
1954,vt4Y
1955,9znk
1956,sPi1
1957,7CCb
1958,5vAi
1959,6rbz
1960,k1Ib
1961,wbRg
1962,AjUv
1963,sxYI
1964,DcCR
1965,CudY
1966,d62w
1967,mnsu
1968,4FSR
1969,nRlg
1970,2ZJ2
1971,8LAk
1972,7ksx
1973,x9f0
1974,jHow
1975,wIcE
1976,mB8N
1977,jOAA
1978,mRSs
1979,zLVp
1980,DBO7
1981,es4z
1982,gahA
1983,cGW4
1984,FwmT
1985,5Kr5
1986,DN8T
1987,7aTM
1988,tB0Q
1989,qGZh
1990,sdfg
1991,hFMM
1992,v4F
1993,1I1g
1994,kHS8
1995,7U8A
1996,bfmN
1997,1IMR
1998,vLBi
1999,42dr
2000,pASj
